Branko, Lazic, Nikole Pasica 50, 0038765111000, b.l@gmail.com
Stefan, Jovic, Kordunaska 12, 0038765111111,, s.j@gmail.com
Nemanja, Dangubic, Vase Pelagica 54, 0038765111222, n.d@gmail.com
Luka, Mitrovic, Gunduliceva 11, 0038765111333, l.m@gmail.com
Marko, Guduric, Aleja Svetog Save 22, 0038765111444, m.g@gmail.com
Borisa, Simanic, Rade Vranjesevic 111, 0038765111555, b.s@gmail.com
Marko-Klay, Simonovic, San Francisko bb 41, 0038765111666, m-k.s@gmail.com
Nate, Walters, Gunduliceva 33, 0038765111777, n.w@gmail.com 
Ognjen, Dobric, Patre 3, 0038765111888, o.d@gmail.com
Ognjen Cunj, Kuzmic, Kenjkavih igraca 1, 0038765111999, o-c.k@gmail.com
Milko, Bjelica, Crnogorska 3, 0038765222000, m.b@gmail.com
Petar, Rakicevic, Sarplaninska 61, 0038765222111, p.r@gmail.com
Nikola Rebron, Rebic, Pogresnih pasova 15, 0038765222222, n-r.r@gmail.com